Stock,Symbol,Price,Call,Prediction,Target,Stop Loss,Risk %,Risk Level,Hold Days,RSI,EMA20,EMA50,PA Bias,PA Support,PA Resistance,Price Action,Reason,Technical Reasons,Patterns,Priority,Sector,Scan Source,Scan Time
AXISBANK,AXISBANK.NS,1259.1,BUY,80,1327.21,1218.24,3.25,MEDIUM,15,50.5,1237.35,1247.36,NEUTRAL,1175.0,1300.0,NEUTRAL | S 1175.0 R 1300.0,Price > EMA20; Price > EMA50; Price > EMA200; RSI healthy 50.5,Price > EMA20; Price > EMA50; Price > EMA200; RSI healthy 50.5,,HIGH,Other,github_actions_scan_job,2026-10-09 10:07 UTC
PNB,PNB.NS,116.98,BUY,80,124.47,112.49,3.84,MEDIUM,15,49.4,114.75,114.17,BULLISH,109.37,119.4,BULLISH | S 109.4 R 119.4,Price > EMA20; Price > EMA50; Price > EMA200; RSI healthy 49.4,Price > EMA20; Price > EMA50; Price > EMA200; RSI healthy 49.4,,HIGH,Other,github_actions_scan_job,2026-10-09 10:07 UTC
PERSISTENT,PERSISTENT.NS,5770.0,BUY,80,6180.18,5523.89,4.27,MEDIUM,15,63.4,5465.06,5425.0,BULLISH,5162.0,5910.0,BULLISH | S 5162.0 R 5910.0,Price > EMA20; Price > EMA50; Price > EMA200; RSI healthy 63.4,Price > EMA20; Price > EMA50; Price > EMA200; RSI healthy 63.4,,HIGH,Other,github_actions_scan_job,2026-10-09 10:07 UTC
COFORGE,COFORGE.NS,1867.9,BUY,80,2012.63,1781.06,4.65,MEDIUM,15,53.9,1822.06,1783.66,BULLISH,1717.0,2021.2,BULLISH | S 1717.0 R 2021.2,Price > EMA20; Price > EMA50; Price > EMA200; RSI healthy 53.9,Price > EMA20; Price > EMA50; Price > EMA200; RSI healthy 53.9,,HIGH,Other,github_actions_scan_job,2026-10-09 10:07 UTC
TRENT,TRENT.NS,2918.2,BUY,78,3114.49,2800.43,4.04,MEDIUM,15,57.1,2781.76,2830.81,NEUTRAL,2545.8,2936.0,NEUTRAL | S 2545.8 R 2936.0,Price > EMA20; Price > EMA50; RSI healthy 57.1; Near 30d high,Price > EMA20; Price > EMA50; RSI healthy 57.1; Near 30d high,,MEDIUM,Other,github_actions_scan_job,2026-10-09 10:07 UTC
HDFCLIFE,HDFCLIFE.NS,556.65,BUY,78,596.78,532.57,4.33,MEDIUM,15,52.7,540.21,544.68,NEUTRAL,508.7,567.4,NEUTRAL | S 508.7 R 567.4,Price > EMA20; Price > EMA50; RSI healthy 52.7; Near 30d high,Price > EMA20; Price > EMA50; RSI healthy 52.7; Near 30d high,,MEDIUM,Other,github_actions_scan_job,2026-10-09 10:07 UTC
DRREDDY,DRREDDY.NS,1197.0,BUY,74,1262.2,1157.88,3.27,MEDIUM,15,53.2,1196.38,1196.16,BULLISH,1130.0,1252.8,BULLISH | S 1130.0 R 1252.8,Price > EMA20; Price > EMA50; RSI healthy 53.2,Price > EMA20; Price > EMA50; RSI healthy 53.2,,MEDIUM,Other,github_actions_scan_job,2026-10-09 10:07 UTC
KOTAKBANK,KOTAKBANK.NS,441.0,WATCH,72,468.18,424.69,3.7,MEDIUM,15,70.1,420.35,411.13,BULLISH,394.7,445.25,BULLISH | S 394.7 R 445.2,Price > EMA20; Price > EMA50; Price > EMA200; RSI high 70.1; Near 30d high,Price > EMA20; Price > EMA50; Price > EMA200; RSI high 70.1; Near 30d high,,LOW,Other,github_actions_scan_job,2026-10-09 10:07 UTC
FEDERALBNK,FEDERALBNK.NS,330.0,WATCH,72,350.71,317.58,3.76,MEDIUM,15,47.8,329.04,334.6,BEARISH,313.75,356.95,BEARISH | S 313.8 R 357.0,Price > EMA20; Price > EMA200; RSI healthy 47.8,Price > EMA20; Price > EMA200; RSI healthy 47.8,,LOW,Other,github_actions_scan_job,2026-10-09 10:07 UTC
ADANIPORTS,ADANIPORTS.NS,1761.0,BUY,72,1884.52,1686.89,4.21,MEDIUM,15,43.2,1757.28,1745.28,BULLISH,1593.1,1824.0,BULLISH | S 1593.1 R 1824.0,Price > EMA20; Price > EMA50; Price > EMA200,Price > EMA20; Price > EMA50; Price > EMA200,,MEDIUM,Other,github_actions_scan_job,2026-10-09 10:07 UTC
ITC,ITC.NS,266.0,WATCH,70,282.49,256.11,3.72,MEDIUM,15,52.9,264.6,269.21,BEARISH,253.15,271.25,BEARISH | S 253.1 R 271.2,Price > EMA20; RSI healthy 52.9; Near 30d high,Price > EMA20; RSI healthy 52.9; Near 30d high,,LOW,Other,github_actions_scan_job,2026-10-09 10:07 UTC
DIVISLAB,DIVISLAB.NS,9340.0,WATCH,67,9860.98,9027.41,3.35,MEDIUM,15,48.8,9349.3,8902.05,BULLISH,8923.0,9740.0,BULLISH | S 8923.0 R 9740.0,Price < EMA20; Price > EMA50; Price > EMA200; RSI healthy 48.8,Price < EMA20; Price > EMA50; Price > EMA200; RSI healthy 48.8,,LOW,Other,github_actions_scan_job,2026-10-09 10:07 UTC
ICICIBANK,ICICIBANK.NS,1355.0,WATCH,66,1409.55,1322.27,2.42,LOW,15,55.0,1348.97,1368.89,BEARISH,1291.0,1454.0,BEARISH | S 1291.0 R 1454.0,Price > EMA20; RSI healthy 55.0,Price > EMA20; RSI healthy 55.0,,LOW,Other,github_actions_scan_job,2026-10-09 10:07 UTC
BANKBARODA,BANKBARODA.NS,235.8,WATCH,66,247.84,228.58,3.06,MEDIUM,15,51.7,234.3,239.38,BEARISH,223.82,244.62,BEARISH | S 223.8 R 244.6,Price > EMA20; RSI healthy 51.7,Price > EMA20; RSI healthy 51.7,,LOW,Other,github_actions_scan_job,2026-10-09 10:07 UTC
PAGEIND,PAGEIND.NS,36875.0,WATCH,66,39034.82,35579.11,3.51,MEDIUM,15,53.4,36780.93,37007.82,BEARISH,34000.0,38465.0,BEARISH | S 34000.0 R 38465.0,Price > EMA20; RSI healthy 53.4,Price > EMA20; RSI healthy 53.4,,LOW,Other,github_actions_scan_job,2026-10-09 10:08 UTC
BERGEPAINT,BERGEPAINT.NS,471.9,WATCH,66,500.97,454.46,3.7,MEDIUM,15,57.1,465.21,479.92,BEARISH,441.1,511.35,BEARISH | S 441.1 R 511.4,Price > EMA20; RSI healthy 57.1,Price > EMA20; RSI healthy 57.1,,LOW,Other,github_actions_scan_job,2026-10-09 10:08 UTC
TCS,TCS.NS,2156.0,WATCH,66,2295.86,2072.09,3.89,MEDIUM,15,58.0,2130.57,2194.83,BEARISH,2032.4,2399.3,BEARISH | S 2032.4 R 2399.3,Price > EMA20; RSI healthy 58.0,Price > EMA20; RSI healthy 58.0,,LOW,Other,github_actions_scan_job,2026-10-09 10:07 UTC
VEDL,VEDL.NS,264.0,WATCH,66,282.88,252.67,4.29,MEDIUM,15,47.6,262.38,272.68,BEARISH,247.25,291.0,BEARISH | S 247.2 R 291.0,Price > EMA20; RSI healthy 47.6,Price > EMA20; RSI healthy 47.6,,LOW,Other,github_actions_scan_job,2026-10-09 10:08 UTC
DLF,DLF.NS,648.6,WATCH,59,690.89,623.22,3.91,MEDIUM,15,51.2,659.41,656.98,NEUTRAL,611.5,691.05,NEUTRAL | S 611.5 R 691.0,Price < EMA20; Price > EMA200; RSI healthy 51.2,Price < EMA20; Price > EMA200; RSI healthy 51.2,,LOW,Other,github_actions_scan_job,2026-10-09 10:08 UTC
DABUR,DABUR.NS,386.7,WATCH,58,406.85,374.61,3.13,MEDIUM,15,42.9,383.88,393.11,BEARISH,368.05,395.45,BEARISH | S 368.0 R 395.5,Price > EMA20,Price > EMA20,,LOW,Other,github_actions_scan_job,2026-10-09 10:08 UTC
COLPAL,COLPAL.NS,1817.8,WATCH,58,1939.43,1744.83,4.01,MEDIUM,15,38.9,1814.65,1875.56,BEARISH,1716.1,1917.8,BEARISH | S 1716.1 R 1917.8,Price > EMA20,Price > EMA20,,LOW,Other,github_actions_scan_job,2026-10-09 10:08 UTC
TVSMOTOR,TVSMOTOR.NS,3866.8,WATCH,54,4125.05,3711.85,4.01,MEDIUM,15,21.9,4048.4,4069.81,BEARISH,3741.9,4469.0,BEARISH | S 3741.9 R 4469.0,Price < EMA20; Price > EMA200; RSI low 21.9,Price < EMA20; Price > EMA200; RSI low 21.9,,LOW,Other,github_actions_scan_job,2026-10-09 10:08 UTC
COALINDIA,COALINDIA.NS,411.55,WATCH,53,433.21,398.55,3.16,MEDIUM,15,51.2,417.4,416.74,NEUTRAL,392.53,436.3,NEUTRAL | S 392.5 R 436.3,Price < EMA20; RSI healthy 51.2,Price < EMA20; RSI healthy 51.2,,LOW,Other,github_actions_scan_job,2026-10-09 10:07 UTC
DIXON,DIXON.NS,12774.0,WATCH,51,13664.0,12240.0,4.18,MEDIUM,15,46.2,13208.51,13443.23,BEARISH,12602.0,14908.53,BEARISH | S 12602.0 R 14908.5,Price < EMA20; RSI healthy 46.2; Near 30d low,Price < EMA20; RSI healthy 46.2; Near 30d low,,LOW,Other,github_actions_scan_job,2026-10-09 10:08 UTC
TECHM,TECHM.NS,1514.1,WATCH,49,1605.46,1459.29,3.62,MEDIUM,15,43.7,1534.22,1546.49,BEARISH,1486.2,1649.0,BEARISH | S 1486.2 R 1649.0,Price < EMA20; Price > EMA200; Near 30d low,Price < EMA20; Price > EMA200; Near 30d low,,LOW,Other,github_actions_scan_job,2026-10-09 10:07 UTC
SBIN,SBIN.NS,959.1,WATCH,48,999.63,934.78,2.54,LOW,15,33.6,975.02,1000.31,BEARISH,937.5,1060.0,BEARISH | S 937.5 R 1060.0,Price < EMA20; RSI low 33.6,Price < EMA20; RSI low 33.6,,LOW,Other,github_actions_scan_job,2026-10-09 10:07 UTC
BEL,BEL.NS,368.15,WATCH,48,386.55,357.11,3.0,LOW,15,26.9,387.43,396.63,BEARISH,360.5,416.0,BEARISH | S 360.5 R 416.0,Price < EMA20; RSI low 26.9,Price < EMA20; RSI low 26.9,,LOW,Other,github_actions_scan_job,2026-10-09 10:07 UTC
BAJAJFINSV,BAJAJFINSV.NS,1734.7,WATCH,48,1824.68,1680.71,3.11,MEDIUM,15,28.8,1795.91,1858.53,BEARISH,1700.0,2026.6,BEARISH | S 1700.0 R 2026.6,Price < EMA20; RSI low 28.8,Price < EMA20; RSI low 28.8,,LOW,Other,github_actions_scan_job,2026-10-09 10:07 UTC
EICHERMOT,EICHERMOT.NS,7050.0,WATCH,48,7417.5,6829.5,3.13,MEDIUM,15,33.6,7246.64,7460.67,BEARISH,6767.5,8140.0,BEARISH | S 6767.5 R 8140.0,Price < EMA20; RSI low 33.6,Price < EMA20; RSI low 33.6,,LOW,Other,github_actions_scan_job,2026-10-09 10:07 UTC
TATAPOWER,TATAPOWER.NS,342.15,WATCH,48,361.19,330.73,3.34,MEDIUM,15,23.1,356.18,365.5,BEARISH,333.6,377.65,BEARISH | S 333.6 R 377.6,Price < EMA20; RSI low 23.1,Price < EMA20; RSI low 23.1,,LOW,Other,github_actions_scan_job,2026-10-09 10:08 UTC
IRCTC,IRCTC.NS,458.8,WATCH,48,484.6,443.32,3.37,MEDIUM,15,30.6,460.52,474.86,BEARISH,446.03,491.98,BEARISH | S 446.0 R 492.0,Price < EMA20; RSI low 30.6,Price < EMA20; RSI low 30.6,,LOW,Other,github_actions_scan_job,2026-10-09 10:08 UTC
PFC,PFC.NS,327.8,WATCH,48,346.28,316.71,3.38,MEDIUM,15,34.6,334.65,354.45,BEARISH,313.35,362.3,BEARISH | S 313.4 R 362.3,Price < EMA20; RSI low 34.6,Price < EMA20; RSI low 34.6,,LOW,Other,github_actions_scan_job,2026-10-09 10:08 UTC
HAVELLS,HAVELLS.NS,1041.5,WATCH,48,1105.38,1003.17,3.68,MEDIUM,15,31.4,1081.82,1139.55,BEARISH,1015.1,1265.0,BEARISH | S 1015.1 R 1265.0,Price < EMA20; RSI low 31.4,Price < EMA20; RSI low 31.4,,LOW,Other,github_actions_scan_job,2026-10-09 10:08 UTC
TATASTEEL,TATASTEEL.NS,173.8,WATCH,48,185.57,166.74,4.06,MEDIUM,15,33.2,181.46,184.8,BEARISH,170.23,191.8,BEARISH | S 170.2 R 191.8,Price < EMA20; RSI low 33.2,Price < EMA20; RSI low 33.2,,LOW,Other,github_actions_scan_job,2026-10-09 10:07 UTC
BAJFINANCE,BAJFINANCE.NS,960.0,WATCH,48,1029.43,918.34,4.34,MEDIUM,15,32.7,991.3,1016.9,BEARISH,937.3,1107.0,BEARISH | S 937.3 R 1107.0,Price < EMA20; RSI low 32.7,Price < EMA20; RSI low 32.7,,LOW,Other,github_actions_scan_job,2026-10-09 10:07 UTC
SIEMENS,SIEMENS.NS,3595.0,WATCH,48,3857.34,3437.6,4.38,MEDIUM,15,33.0,3794.05,3822.14,BEARISH,3502.0,4128.8,BEARISH | S 3502.0 R 4128.8,Price < EMA20; RSI low 33.0,Price < EMA20; RSI low 33.0,,LOW,Other,github_actions_scan_job,2026-10-09 10:08 UTC
APOLLOHOSP,APOLLOHOSP.NS,8027.5,WATCH,48,8615.45,7674.73,4.39,MEDIUM,15,28.3,8389.35,8578.22,BEARISH,7607.5,9070.5,BEARISH | S 7607.5 R 9070.5,Price < EMA20; RSI low 28.3,Price < EMA20; RSI low 28.3,,LOW,Other,github_actions_scan_job,2026-10-09 10:07 UTC
ADANIENT,ADANIENT.NS,2634.4,WATCH,48,2867.9,2494.3,5.32,MEDIUM,15,29.0,2857.08,2924.1,BEARISH,2547.0,3173.7,BEARISH | S 2547.0 R 3173.7,Price < EMA20; RSI low 29.0,Price < EMA20; RSI low 29.0,,LOW,Other,github_actions_scan_job,2026-10-09 10:07 UTC
ONGC,ONGC.NS,221.27,WATCH,46,232.09,214.78,2.93,LOW,15,31.9,228.57,234.37,BEARISH,218.53,243.16,BEARISH | S 218.5 R 243.2,Price < EMA20; RSI low 31.9; Near 30d low,Price < EMA20; RSI low 31.9; Near 30d low,,LOW,Other,github_actions_scan_job,2026-10-09 10:07 UTC
MARUTI,MARUTI.NS,11420.0,WATCH,46,11981.25,11083.25,2.95,LOW,15,34.0,11949.32,12570.82,BEARISH,11225.0,13580.0,BEARISH | S 11225.0 R 13580.0,Price < EMA20; RSI low 34.0; Near 30d low,Price < EMA20; RSI low 34.0; Near 30d low,,LOW,Other,github_actions_scan_job,2026-10-09 10:07 UTC
GAIL,GAIL.NS,166.64,WATCH,46,175.25,161.48,3.1,MEDIUM,15,34.1,171.0,171.82,BEARISH,166.3,177.3,BEARISH | S 166.3 R 177.3,Price < EMA20; RSI low 34.1; Near 30d low,Price < EMA20; RSI low 34.1; Near 30d low,,LOW,Other,github_actions_scan_job,2026-10-09 10:08 UTC
M&M,M&M.NS,2796.2,WATCH,46,2944.54,2707.2,3.18,MEDIUM,15,22.3,2960.01,3090.11,BEARISH,2744.3,3420.0,BEARISH | S 2744.3 R 3420.0,Price < EMA20; RSI low 22.3; Near 30d low,Price < EMA20; RSI low 22.3; Near 30d low,,LOW,Other,github_actions_scan_job,2026-10-09 10:07 UTC
GRASIM,GRASIM.NS,2890.0,WATCH,46,3043.96,2797.62,3.2,MEDIUM,15,22.3,3069.37,3141.34,BEARISH,2853.5,3371.0,BEARISH | S 2853.5 R 3371.0,Price < EMA20; RSI low 22.3; Near 30d low,Price < EMA20; RSI low 22.3; Near 30d low,,LOW,Other,github_actions_scan_job,2026-10-09 10:07 UTC
CIPLA,CIPLA.NS,1301.0,WATCH,46,1372.73,1257.96,3.31,MEDIUM,15,15.7,1357.74,1384.66,BEARISH,1292.0,1426.1,BEARISH | S 1292.0 R 1426.1,Price < EMA20; RSI low 15.7; Near 30d low,Price < EMA20; RSI low 15.7; Near 30d low,,LOW,Other,github_actions_scan_job,2026-10-09 10:07 UTC
POWERGRID,POWERGRID.NS,249.15,WATCH,46,262.94,240.88,3.32,MEDIUM,15,28.9,259.61,266.61,BEARISH,244.65,274.05,BEARISH | S 244.6 R 274.0,Price < EMA20; RSI low 28.9; Near 30d low,Price < EMA20; RSI low 28.9; Near 30d low,,LOW,Other,github_actions_scan_job,2026-10-09 10:07 UTC
IOC,IOC.NS,126.35,WATCH,46,133.41,122.11,3.35,MEDIUM,15,27.3,132.63,135.45,BEARISH,125.27,139.48,BEARISH | S 125.3 R 139.5,Price < EMA20; RSI low 27.3; Near 30d low,Price < EMA20; RSI low 27.3; Near 30d low,,LOW,Other,github_actions_scan_job,2026-10-09 10:08 UTC
HINDALCO,HINDALCO.NS,900.35,WATCH,46,953.1,868.7,3.52,MEDIUM,15,25.0,953.7,980.4,BEARISH,886.5,1061.8,BEARISH | S 886.5 R 1061.8,Price < EMA20; RSI low 25.0; Near 30d low,Price < EMA20; RSI low 25.0; Near 30d low,,LOW,Other,github_actions_scan_job,2026-10-09 10:07 UTC
PIDILITIND,PIDILITIND.NS,1482.0,WATCH,46,1570.91,1428.65,3.6,MEDIUM,15,34.4,1520.82,1558.24,BEARISH,1456.8,1687.7,BEARISH | S 1456.8 R 1687.7,Price < EMA20; RSI low 34.4; Near 30d low,Price < EMA20; RSI low 34.4; Near 30d low,,LOW,Other,github_actions_scan_job,2026-10-09 10:08 UTC
TITAN,TITAN.NS,4410.0,WATCH,46,4676.04,4250.38,3.62,MEDIUM,15,30.2,4681.23,4772.31,BEARISH,4335.6,5186.7,BEARISH | S 4335.6 R 5186.7,Price < EMA20; RSI low 30.2; Near 30d low,Price < EMA20; RSI low 30.2; Near 30d low,,LOW,Other,github_actions_scan_job,2026-10-09 10:07 UTC
JSWSTEEL,JSWSTEEL.NS,1168.0,WATCH,46,1240.18,1124.69,3.71,MEDIUM,15,28.2,1247.82,1265.28,BEARISH,1163.3,1351.0,BEARISH | S 1163.3 R 1351.0,Price < EMA20; RSI low 28.2; Near 30d low,Price < EMA20; RSI low 28.2; Near 30d low,,LOW,Other,github_actions_scan_job,2026-10-09 10:07 UTC
BPCL,BPCL.NS,287.8,WATCH,46,306.62,276.51,3.92,MEDIUM,15,25.2,301.84,307.23,BEARISH,282.95,324.05,BEARISH | S 283.0 R 324.0,Price < EMA20; RSI low 25.2; Near 30d low,Price < EMA20; RSI low 25.2; Near 30d low,,LOW,Other,github_actions_scan_job,2026-10-09 10:07 UTC
ASHOKLEY,ASHOKLEY.NS,145.06,WATCH,46,154.69,139.28,3.98,MEDIUM,15,23.5,155.74,160.85,BEARISH,143.65,181.84,BEARISH | S 143.6 R 181.8,Price < EMA20; RSI low 23.5; Near 30d low,Price < EMA20; RSI low 23.5; Near 30d low,,LOW,Other,github_actions_scan_job,2026-10-09 10:08 UTC
INDUSINDBK,INDUSINDBK.NS,861.65,WATCH,46,919.06,827.2,4.0,MEDIUM,15,23.7,916.96,950.92,BEARISH,857.0,1017.9,BEARISH | S 857.0 R 1017.9,Price < EMA20; RSI low 23.7; Near 30d low,Price < EMA20; RSI low 23.7; Near 30d low,,LOW,Other,github_actions_scan_job,2026-10-09 10:07 UTC
HEROMOTOCO,HEROMOTOCO.NS,4895.5,WATCH,46,5222.64,4699.21,4.01,MEDIUM,15,31.1,5184.81,5265.52,BEARISH,4825.0,5659.0,BEARISH | S 4825.0 R 5659.0,Price < EMA20; RSI low 31.1; Near 30d low,Price < EMA20; RSI low 31.1; Near 30d low,,LOW,Other,github_actions_scan_job,2026-10-09 10:07 UTC
BAJAJ-AUTO,BAJAJ-AUTO.NS,9778.0,WATCH,46,10431.04,9386.18,4.01,MEDIUM,15,15.3,10700.63,11029.78,BEARISH,9637.0,12470.0,BEARISH | S 9637.0 R 12470.0,Price < EMA20; RSI low 15.3; Near 30d low,Price < EMA20; RSI low 15.3; Near 30d low,,LOW,Other,github_actions_scan_job,2026-10-09 10:07 UTC
LT,LT.NS,3703.3,WATCH,45,3878.66,3598.09,2.84,LOW,15,37.3,3799.6,3884.56,BEARISH,3607.0,4067.3,BEARISH | S 3607.0 R 4067.3,Price < EMA20,Price < EMA20,,LOW,Other,github_actions_scan_job,2026-10-09 10:07 UTC
BHARTIARTL,BHARTIARTL.NS,1805.1,WATCH,45,1890.72,1753.72,2.85,LOW,15,35.6,1812.58,1845.0,BEARISH,1726.3,1915.0,BEARISH | S 1726.3 R 1915.0,Price < EMA20,Price < EMA20,,LOW,Other,github_actions_scan_job,2026-10-09 10:07 UTC
ULTRACEMCO,ULTRACEMCO.NS,10675.0,WATCH,45,11183.21,10370.07,2.86,LOW,15,41.7,10895.22,11141.77,BEARISH,10426.0,11815.0,BEARISH | S 10426.0 R 11815.0,Price < EMA20,Price < EMA20,,LOW,Other,github_actions_scan_job,2026-10-09 10:07 UTC
GODREJCP,GODREJCP.NS,860.5,WATCH,45,903.22,834.87,2.98,LOW,15,42.2,869.79,910.6,BEARISH,832.6,930.0,BEARISH | S 832.6 R 930.0,Price < EMA20,Price < EMA20,,LOW,Other,github_actions_scan_job,2026-10-09 10:08 UTC
POLYCAB,POLYCAB.NS,8255.0,WATCH,45,8682.77,7998.34,3.11,MEDIUM,15,44.0,8291.82,8574.32,BEARISH,7883.0,9445.0,BEARISH | S 7883.0 R 9445.0,Price < EMA20,Price < EMA20,,LOW,Other,github_actions_scan_job,2026-10-09 10:08 UTC
NESTLEIND,NESTLEIND.NS,1333.0,WATCH,45,1403.05,1290.97,3.15,MEDIUM,15,42.2,1353.17,1392.38,BEARISH,1292.9,1514.8,BEARISH | S 1292.9 R 1514.8,Price < EMA20,Price < EMA20,,LOW,Other,github_actions_scan_job,2026-10-09 10:07 UTC
MARICO,MARICO.NS,786.15,WATCH,45,828.73,760.6,3.25,MEDIUM,15,42.5,801.98,817.33,BEARISH,766.25,840.7,BEARISH | S 766.2 R 840.7,Price < EMA20,Price < EMA20,,LOW,Other,github_actions_scan_job,2026-10-09 10:08 UTC
HDFCBANK,HDFCBANK.NS,707.25,WATCH,45,745.83,684.1,3.27,MEDIUM,15,40.8,714.57,725.88,BEARISH,681.9,749.3,BEARISH | S 681.9 R 749.3,Price < EMA20,Price < EMA20,,LOW,Other,github_actions_scan_job,2026-10-09 10:07 UTC
CANBK,CANBK.NS,119.59,WATCH,45,126.16,115.65,3.3,MEDIUM,15,38.2,121.39,124.21,BEARISH,116.51,131.43,BEARISH | S 116.5 R 131.4,Price < EMA20,Price < EMA20,,LOW,Other,github_actions_scan_job,2026-10-09 10:07 UTC
WIPRO,WIPRO.NS,162.57,WATCH,45,171.8,157.03,3.41,MEDIUM,15,42.1,164.02,170.46,BEARISH,156.79,184.5,BEARISH | S 156.8 R 184.5,Price < EMA20,Price < EMA20,,LOW,Other,github_actions_scan_job,2026-10-09 10:07 UTC
RECLTD,RECLTD.NS,300.0,WATCH,45,318.91,288.65,3.78,MEDIUM,15,42.3,304.58,318.17,BEARISH,286.2,324.55,BEARISH | S 286.2 R 324.5,Price < EMA20,Price < EMA20,,LOW,Other,github_actions_scan_job,2026-10-09 10:08 UTC
INFY,INFY.NS,1023.4,WATCH,45,1088.8,984.16,3.83,MEDIUM,15,43.1,1031.15,1067.99,BEARISH,980.4,1156.0,BEARISH | S 980.4 R 1156.0,Price < EMA20,Price < EMA20,,LOW,Other,github_actions_scan_job,2026-10-09 10:07 UTC
HCLTECH,HCLTECH.NS,1216.7,WATCH,45,1303.4,1164.68,4.28,MEDIUM,15,43.5,1234.11,1252.7,BEARISH,1172.8,1368.0,BEARISH | S 1172.8 R 1368.0,Price < EMA20,Price < EMA20,,LOW,Other,github_actions_scan_job,2026-10-09 10:07 UTC
HINDUNILVR,HINDUNILVR.NS,1856.7,WATCH,43,1941.15,1806.03,2.73,LOW,15,38.6,1902.82,1971.01,BEARISH,1826.9,2028.0,BEARISH | S 1826.9 R 2028.0,Price < EMA20; Near 30d low,Price < EMA20; Near 30d low,,LOW,Other,github_actions_scan_job,2026-10-09 10:07 UTC
BRITANNIA,BRITANNIA.NS,4825.0,WATCH,43,5045.39,4692.76,2.74,LOW,15,37.9,4909.83,5074.57,BEARISH,4734.1,5360.5,BEARISH | S 4734.1 R 5360.5,Price < EMA20; Near 30d low,Price < EMA20; Near 30d low,,LOW,Other,github_actions_scan_job,2026-10-09 10:07 UTC
NTPC,NTPC.NS,312.0,WATCH,43,326.33,303.4,2.76,LOW,15,36.7,322.19,330.24,BEARISH,308.45,337.5,BEARISH | S 308.5 R 337.5,Price < EMA20; Near 30d low,Price < EMA20; Near 30d low,,LOW,Other,github_actions_scan_job,2026-10-09 10:07 UTC
RELIANCE,RELIANCE.NS,1170.3,WATCH,43,1226.09,1136.83,2.86,LOW,15,38.2,1217.14,1254.68,BEARISH,1160.2,1333.0,BEARISH | S 1160.2 R 1333.0,Price < EMA20; Near 30d low,Price < EMA20; Near 30d low,,LOW,Other,github_actions_scan_job,2026-10-09 10:07 UTC
TATACONSUM,TATACONSUM.NS,955.0,WATCH,43,1000.61,927.64,2.87,LOW,15,36.5,979.39,1016.76,BEARISH,945.0,1048.4,BEARISH | S 945.0 R 1048.4,Price < EMA20; Near 30d low,Price < EMA20; Near 30d low,,LOW,Other,github_actions_scan_job,2026-10-09 10:07 UTC
SUNPHARMA,SUNPHARMA.NS,1760.0,WATCH,43,1844.43,1709.34,2.88,LOW,15,36.5,1825.42,1860.91,BEARISH,1745.0,1984.8,BEARISH | S 1745.0 R 1984.8,Price < EMA20; Near 30d low,Price < EMA20; Near 30d low,,LOW,Other,github_actions_scan_job,2026-10-09 10:07 UTC
ASIANPAINT,ASIANPAINT.NS,2339.1,WATCH,43,2462.53,2265.04,3.17,MEDIUM,15,36.8,2422.64,2509.2,BEARISH,2311.6,2655.9,BEARISH | S 2311.6 R 2655.9,Price < EMA20; Near 30d low,Price < EMA20; Near 30d low,,LOW,Other,github_actions_scan_job,2026-10-09 10:07 UTC
SBILIFE,SBILIFE.NS,1684.6,WATCH,43,1795.55,1618.03,3.95,MEDIUM,15,40.9,1724.33,1753.19,BEARISH,1652.9,1798.9,BEARISH | S 1652.9 R 1798.9,Price < EMA20; Near 30d low,Price < EMA20; Near 30d low,,LOW,Other,github_actions_scan_job,2026-10-09 10:07 UTC
DMART,DMART.NS,3516.8,WATCH,43,3757.03,3372.66,4.1,MEDIUM,15,35.6,3707.49,3813.3,BEARISH,3497.7,3900.0,BEARISH | S 3497.7 R 3900.0,Price < EMA20; Near 30d low,Price < EMA20; Near 30d low,,LOW,Other,github_actions_scan_job,2026-10-09 10:07 UTC
